"","logFC","AveExpr","t","P.Value","adj.P.Val","B","threshold"
"SFRP4",3.68334934993085,8.45944893442623,4.12912195056727,4.99638153037484e-05,0.0187801434547521,1.75155051965325,"Upregulated"
"LUM",1.9007363208852,10.3001132786885,3.74319640635476,0.000226415578897519,0.0398278046392766,0.424556511502838,"Upregulated"
"TCIM",1.09890409405256,6.92706631147541,3.65690170250914,0.000312406552409248,0.0441011921568434,0.143507284409244,"Upregulated"
"GEM",2.13068015214385,8.05487659836066,3.65473967914572,0.000314912677313804,0.0441011921568434,0.136540602285836,"Upregulated"
